INSERT INTO [Oaks.Member] VALUES
(10000001, 'Jack','Lee','Baltimore' ,'Rowalt Dr','College Park' ,'Maryland',20740,'504-777-2298','536-589-7311','jack.lee@gmail.com','Alan Watson'	,000671),
(10000002, 'Jone','Jones','Arlington' ,'Campus Dr','College Park' ,'Maryland',20740,'504-333-2224','536-589-7390','jone.jones@gmail.com','Ryan Reynolds'	,000890),
(10000003,'Andy','Delgado','San Fransicsco','Main Str','College Park','Maryland',20740,'636-432-8882','629-559-7739','andydelgado@gmail.com','Britney Jones', 000223	),																							
(10000004,'Beth', 'Carlson',' College Park','Regent Dr.','College Park',	'Maryland',20740,'772-432-1118','426-783-4566','bethcarlson@gmail.com','Alan Walker', 000333 ),													
(10000005, 'Cindy','Lambert','Baltimore','Ager Dr.','College Park',	'Maryland',20740,'111-333-4444','123-456-987','cindylambert@gmail.com','Dev Patel',000455)		,									
(10000006, 'Dev','Carson','Madison','Regiis Dr'	,'College Park'	,'Maryland',20740,'772-432-1118', '451-784-9865','devcarson@gmail.com','Hugh Jack',000588)	,							
(10000007, 'Ester',	'Vega','Herdon', 'Greenbelt Dr.','College Park','Maryland',20740, '775-662-8589','749-838-8558','estervega@gmail.com','Tina Fey',000765	),												
(10000008,'Marian','Mckinney', 'Virginia','Campus Dr','College Park','Maryland',20740,'774-677-9918','335-886-4930','marianmckinney@gmail.com','Diane Peter',000766),												
(10000009,'Gilbert','Baker','Arlington','Main Str','College Park','Maryland',20740, '980-486-3833','855-884-9229','gilbertbaker@gmail.com',	'Jilly Jones',	000767),										
(10000010, 'Pete','Reynolds','Maryland','Regent Dr.','College Park,','Maryland', 20740,'772-432-5568','843-458-8999','petereynolds@gmail.com','Cindy Cameron',000768);												


INSERT INTO [Oaks.Student] VALUES		
(00000001, 'Andy', 'Lee', '2006-12-17', 'M', '2013-12-19', '80%' , 'Saplings', 'Regent Dr', 'College Park', 'Maryland', 20740,'Y','Y','Y','Y','Y','Y','Y'), 
(00000002, 'John', 'Cotrain', '2005-12-17', 'M', '2011-06-19', '80%' , 'Saplings', 'Campus Dr', 'College Park', 'Maryland', 20740,'Y','Y','Y','Y','Y','Y','Y'), 			
(00000003,'Frank','Sinatra','2004-05-28','M','2012-03-03','75%','Oaks',	'Main Str', 'College Park','Maryland',20740, 'Y','Y','Y','Y','Y','Y','Y'),							
(00000004,'Mick','Jagger','2006-12-17','M','2012-03-15','70%','Saplings','Regent Dr.','College Park','Maryland',20740,'Y','Y','Y','Y','Y','Y','Y'),							
(00000005,'Freddie','Mercury','2006-12-17',	'N','2012-03-27','65%', 'Saplings',	'Ager Dr.','College Park','Maryland',20740,	'Y','Y'	,'Y','Y','Y','Y','Y'),							
(00000006,'Beyonce', 'Knowls', '2005-02-07', 'F', '2012-03-10',	'60%','Oaks', 'Regiis Dr','College Park','Maryland',20740,'Y','Y','Y','Y','Y','Y','Y'),					
(00000007,	'Katy',	'Perry', '2006-03-23',	'F'	,'2012-03-21','67%'	,'Saplings','Greenbelt Dr.','College Park','Maryland',20740,'Y','Y','Y','Y','Y','Y','Y'),							
(00000008, 'Marshall','Mathers III','2006-12-17','M','2012-05-26','80%', 'Saplings','Campus Dr','College Park','Maryland',20740,'Y','Y','Y','Y','Y','Y','Y'),						
(00000009, 'Christina','Aguilera', '2006-12-17'	,'F','2012-05-05','80%','Saplings',	'Main Str',	'College Park',	'Maryland', 20740,'Y','Y','Y','Y','Y','Y','Y'),							
(00000010, 'Selena', 'Gomez', '2007-12-17','F','2012-06-22','80%','Acrons','Regent Dr.','College Park' ,'Maryland',20740,'Y','Y','Y','Y','Y','Y','Y');				


INSERT INTO  [Oaks.StudentMedical] VALUES
(20000003,00000003,'NA','adderall','2011-07-22','peanuts','aspirin','NA','NA','NA','NA','Y','NA'),
(20000004,00000004,'NA','adderall','2011-07-23','NA','aspirin','NA','NA','NA','NA','Y','NA'),
(20000001,00000001,'asthma','adderall','2011-07-20','peanuts','aspirin','Cough','administer inhaler','No physical activity','NA','Y','High'),
(20000005,00000005,'diabetes','ritalin','2011-07-24','fish','ibuprofen','Low Blood Pressure','give insulin shot','Reduce sugar intake','Needs mothers permission before giving snack','Y','High'),
(20000006,00000006,'asthma','ritalin','2011-07-25','gluten','ibuprofen','Cough','adminstrate inhaler','No phyiscal activity','NA','Y','High'),
(20000007,00000007,'stress disorder','ritalin','2011-07-26','gluten','NA','Fainting','splash water','Take a break every 40 minutes','NA','Y','Med'),
(20000008,00000008,'NA','NA','2011-07-27','meat','NA','NA','NA','NA','NA','Y','NA'),
(20000009,00000009,'NA','NA','2011-07-28','NA','NA','Day dreaming','NA','NA','NA','Y','NA'),
(20000010,00000010,'NA','NA','2011-07-29','NA','NA','NA','NA','NA','NA','Y','NA');


INSERT INTO [Oaks.Provider] VALUES
(30000001,'Epply Care Center',130152366,'420 Epply Way','College Park','Maryland',20742),
(30000002,'United Health Care',130153186,'420 Mowatt Lane','College Park','Maryland',20742),
(30000003,'Van Munching Health',130166676,'420 Van Munching Road','College Park','Maryland',20742),
(30000004,'Testudo Health',13012324,'420 Testudo Street','College Park','Maryland',20742),
(30000005,'Terrapin Care United',130112166,'420 Terrapin Lane','College Park','Maryland',20742),
(30000006,'Loh Healthcare',13013435,'420 Loh Boulevard','College Park','Maryland',20742),
(30000007,'Ritchie Health Care',130145488,'420 Ritchie Street','College Park','Maryland',20742),
(30000008,'United Curve Health',13015657,'420 United Lane','College Park','Maryland',20742),
(30000009,'STAMP Health',130167688,'420 Stamp Road','College Park','Maryland',20742),
(30000010,'Kaiser Healh',130178799,'420 Kaiser Road','College Park','Maryland',20742);


INSERT INTO [Oaks.EmergencyContact] VALUES
(40000001,00000001,'Juniper','Lee',124098777,130198798,'9041 Rockville St','College Park','MD',20740),
(40000002, 00000002,'Jackie','Jones',124087676,130187677,'1231 Sunny Way','College Park','MD',20740),
(40000003,00000003,'Diego','Delgado',124076576,130176578,'4232 Cloudy St','College Park','MD',20740),
(40000004,00000004,'Coach','Carlson',124065466,130165465,'5232 Joney Jones Way','College Park','MD',20740),
(40000005,00000005,'Lamb','Lambert',124054354,130154354,'7482 Martin Luther King Road','College Park','MD',20740),
(40000006,00000006,'Carl','Carson',124043242,13014324,'4993 Ghandi Way','College Park','MD',20740),
(40000007,00000007,'Jackie','Vega',12403213,13013213,'1211 Ganesh Boulevard','College Park','MD',20740),
(40000008,00000008,'Bain','Mckinney',12401912,13011912,'4242 Monkey King St','College Park','MD',20740),
(40000009,00000009,'Blueberry','Baker',124042139,13014213,'1111 Brahma Lane','College Park','MD',20740),
(40000010,00000010,'Ryan','Reynolds',124085844,1301858444,'9999 Maroon Five Road','College Park','MD',20740);

INSERT INTO [Oaks.ServiceTask] VALUES
(50001111,'After school cleanup','Beth Carlson'),
(50001112,'cleaning the playground', 'Beth Carlson'),
(50001113,'preparing snacks', 'Beth Carlson'),
(50001114,'purchasing snacks', 'Pete Reynolds'),
(50001116,'cleaning the classroom','Pete Reynolds'),
(50001117,'after school dismissal','Pete Reynolds'),
(50001118,'before school traffic','Pete Reynolds'),
(50001119 ,'after school traffic','Pete Reynolds'),
(50001120,'PTA fundraiser', 'Pete Reynolds'),
(50001121,'recess chaperone', 'Pete Reynolds'),
(50001122,'field trip chaperone','Pete Reynolds');


INSERT INTO [Oaks.Classes] VALUES
(60000001, 'Reading', '2 credit course meets monday and wednesday from 630- 745 PM'),
(60000002, 'Writing','3 credit course meets Tuesday and Thursday from 630- 745 PM'),
(60000003, 'Numbers', '4 credit course meets Tuesday and Thursday from 630- 745 PM'),
(60000004, 'Spanish','3 credits course meets monday and wednesday from 630-745 PM'),
(60000005, 'Creative Movement','3 credits course meets monday and wednesday from 630-745 PM'),
(60000006, 'Art','3 credits course meets monday and wednesday from 630-745 PM'),
(60000007, 'Science','4 credits course meets tuesday and wednesday from 630-745 PM'),
(60000008, 'Acorns','Kindergarten class -meets everyday'),
(60000009, 'Saplings',	'1st Graders - meets everyday'),
(60000010, 'Oaks',	'2-4th Graders- meets everyday');



INSERT INTO [Oaks.Staff] VALUES
(70000000,'James','Brody','Teacher','307-966-9342','1977-11-13','Mowatt Lane','College Park','Maryland', '80%'),
(70000001,'Kristy','Erickson','Teacher','209-989-9999','1979-01-16','Lamp Road','College Park','Maryland', '100%'),
(70000002,'Ismael','Cohen','Teacher','107-966-9342','1972-12-19','Door Way','College Park','Maryland', '90%'),
(70000003,'Casey','Olson','Principal','207-961-9341','1970-02-24','Pizza Blvd','College Park','Maryland', '90%'),
(70000004,'Vicky','Walton','secretory','908-871-0981','1970-12-26','Painting Road','College Park','Maryland', '100%'),
(70000005,'Kerry','Peters','counsellor','181-966-9342','1990-11-19','Paper Towel Road','College Park','Maryland', '100%'),
(70000006,'Marcos','Newton','Teacher','982-966-9342','1970-11-25','Fridge Place','College Park','Maryland', '100%'),
(70000007,'Floyd','Padilla','Teacher','988-332-9342','1987-05-30','Water Bottle Road','College Park','Maryland', '100%'),
(70000008,'Evan','Todd','Teacher','277-981-9342','1987-06-30','Laptop Road','College Park','Maryland', '100%'),
(70000009,'Lucille','Chapman','Teacher','222-891-9342','1992-11-23','Wallet Road','College Park','Maryland', '100%');


INSERT INTO [Oaks.Membership] VALUES
(00000001,10000001,'Parent','2018-11-17','NA','F','2','Y','N'),
(00000002,10000002,'Gaurdian','2018-11-28','NA','F','2','Y','N'),
(00000003,10000003,'Parent','2018-12-26','NA','F','2','Y','N'),
(00000004,10000004,'Parent','2019-02-14','NA','H','1','Y','N'),
(00000005,10000005,'Gaurdian','2019-03-05','NA','H','1','Y','N'),
(00000006,10000006,'Gaurdian','2019-04-20','NA','F','2','Y','N'),
(00000007,10000007,'Parent','2019-08-20','NA','F','2','Y','N'),
(00000008,10000008,'Parent','2019-09-30','NA','N','0','Y','Y'),
(00000009,10000009,'Parent','2019-10-13','NA','N','0','Y','N'),
(00000010,10000010,'Parent','2019-12-26','NA','F','2','Y','N');


INSERT INTO [Oaks.Authorize] VALUES	
(00000001,30000001,10000001,'Y','Y','11-05-2013'),
(00000002,30000002,10000002,'Y','Y','11-06-2013'),
(00000003,30000003,10000003,'Y','Y','11-07-2013'),
(00000004,30000004,10000004,'Y','Y','11-08-2013'),
(00000005,30000005,10000005,'Y','Y','11-09-2013'),
(00000006,30000006,10000006,'Y','Y','11-10-2013'),
(00000007,30000007,10000007,'Y','Y','11-11-2013'),
(00000008,30000008,10000008,'Y','Y','11-12-2013'),
(00000009,30000009,10000009,'Y','Y','11-13-2013'),
(00000010,30000010,10000010,'Y','Y','11-14-2013');



INSERT INTO [Oaks.Enroll] VALUES
(00000002, 60000001),
(00000003,60000001),
(00000004,60000001),
(00000001,60000003),
(00000006,60000002),
(00000007,60000002),
(00000005,60000001),
(00000008,60000002),
(00000009,60000002),
(00000010,60000003);


INSERT INTO [Oaks.Teach] VALUES
(60000001, 70000006),
(60000002, 70000000),
(60000003, 70000001),
(60000008, 70000001),
(60000009, 70000006),
(60000009, 70000006),
(60000008, 70000000),
(60000010, 70000005),
(60000010, 70000005),
(60000004, 70000002),
(60000004, 70000001);

INSERT INTO [Oaks.Perform] VALUES
(50001111,10000001, 3,'2012-08-22'),
(50001111,10000001, 3,'2012-08-12'),
(50001111,10000002, 3,'2012-08-01'),
(50001111,10000002, 3,'2012-08-02'),
(50001111,10000003, 3,'2012-08-03'),
(50001111,10000003, 3,'2012-08-04'),
(50001111,10000004, 3,'2012-08-05'),
(50001111,10000004, 3,'2012-08-06'),
(50001111,10000005, 3,'2012-08-07'),
(50001111,10000005, 3,'2012-08-08'),
(50001111,10000006, 3,'2012-08-09'),
(50001111,10000006, 3,'2012-08-22'),
(50001111,10000007, 3,'2012-08-10'),
(50001111,10000007, 3,'2012-08-11'),
(50001111,10000008, 3,'2012-08-12'),
(50001111,10000008, 3,'2012-08-14'),
(50001111,10000009, 3,'2012-08-14'),
(50001111,10000009, 3,'2012-08-15'),
(50001111,10000010, 3,'2012-08-22'),
(50001111,10000010, 3,'2012-09-12'),
(50001112,10000001, 5,'2012-07-19'),
(50001113,10000008,8,'2012-07-20'),
(50001114,10000005, 5,'2012-07-22'),
(50001118,10000002,4,'2012-07-20'),
(50001116,10000003, 5,'2012-07-08'),
(50001117,10000003,6,'2012-07-20'),
(50001116,10000004, 5,'2012-07-19'),
(50001117,10000004,5,'2012-07-27'),
(50001116,10000005, 5,'2012-07-19'),
(50001120,10000005,5,'2012-07-04'),
(50001121,10000006,9,'2012-07-05'),
(50001117,10000007,9,'2012-07-20'),
(50001119,10000008,4,'2012-07-28'),
(50001120,10000008,6,'2012-07-09'),
(50001122,10000009,9,'2012-07-29'),
(50001122,10000010,9,'2012-07-30');

INSERT INTO [Oaks.Contact] VALUES
(00000001,40000001),
(00000002,40000002),
(00000003,40000003),
(00000004,40000004),
(00000005,40000005),
(00000006,40000006),
(00000007,40000007),
(00000008,40000008),
(00000009,40000009),
(00000010,40000010);